path,label
database\training\1-crown\1-crown.jpg,1
database\training\1-crown\1-crown_mod_0.jpg,1
database\training\1-crown\1-crown_mod_1.jpg,1
database\training\1-crown\1-crown_mod_2.jpg,1
database\training\10-lion\10-lion.jpg,2
database\training\10-lion\10-lion_mod_0.jpg,2
database\training\10-lion\10-lion_mod_1.jpg,2
database\training\10-lion\10-lion_mod_2.jpg,2
database\training\2-galicia\2-galicia.jpg,3
database\training\2-galicia\2-galicia_mod_0.jpg,3
database\training\2-galicia\2-galicia_mod_1.jpg,3
database\training\2-galicia\2-galicia_mod_2.jpg,3
database\training\3-salitos\3-salitos.jpg,4
database\training\3-salitos\3-salitos_mod_0.jpg,4
database\training\3-salitos\3-salitos_mod_1.jpg,4
database\training\3-salitos\3-salitos_mod_2.jpg,4
database\training\4-crown-red\4-crown-red.jpg,5
database\training\4-crown-red\4-crown-red_mod_0.jpg,5
database\training\4-crown-red\4-crown-red_mod_1.jpg,5
database\training\4-crown-red\4-crown-red_mod_2.jpg,5
database\training\5-star\5-star.jpg,6
database\training\5-star\5-star_mod_0.jpg,6
database\training\5-star\5-star_mod_1.jpg,6
database\training\5-star\5-star_mod_2.jpg,6
database\training\6-kirin\6-kirin.jpg,7
database\training\6-kirin\6-kirin_mod_0.jpg,7
database\training\6-kirin\6-kirin_mod_1.jpg,7
database\training\6-kirin\6-kirin_mod_2.jpg,7
database\training\7-tick\7-tick.jpg,8
database\training\7-tick\7-tick_mod_0.jpg,8
database\training\7-tick\7-tick_mod_1.jpg,8
database\training\7-tick\7-tick_mod_2.jpg,8
database\training\8-fresh\8-fresh.jpg,9
database\training\8-fresh\8-fresh_mod_0.jpg,9
database\training\8-fresh\8-fresh_mod_1.jpg,9
database\training\8-fresh\8-fresh_mod_2.jpg,9
database\training\9-maze\9-maze.jpg,10
database\training\9-maze\9-maze_mod_0.jpg,10
database\training\9-maze\9-maze_mod_1.jpg,10
database\training\9-maze\9-maze_mod_2.jpg,10
database\training\cap-1\cap-1.jpg,11
database\training\cap-1\cap-1_mod_0.jpg,11
database\training\cap-1\cap-1_mod_1.jpg,11
database\training\cap-1\cap-1_mod_2.jpg,11
database\training\cap-10\cap-10.jpg,12
database\training\cap-10\cap-10_mod_0.jpg,12
database\training\cap-10\cap-10_mod_1.jpg,12
database\training\cap-10\cap-10_mod_2.jpg,12
database\training\cap-100\cap-100.jpg,13
database\training\cap-100\cap-100_mod_0.jpg,13
database\training\cap-100\cap-100_mod_1.jpg,13
database\training\cap-100\cap-100_mod_2.jpg,13
database\training\cap-101\cap-101.jpg,14
database\training\cap-101\cap-101_mod_0.jpg,14
database\training\cap-101\cap-101_mod_1.jpg,14
database\training\cap-101\cap-101_mod_2.jpg,14
database\training\cap-102\cap-102.jpg,15
database\training\cap-102\cap-102_mod_0.jpg,15
database\training\cap-102\cap-102_mod_1.jpg,15
database\training\cap-102\cap-102_mod_2.jpg,15
database\training\cap-103\cap-103.jpg,16
database\training\cap-103\cap-103_mod_0.jpg,16
database\training\cap-103\cap-103_mod_1.jpg,16
database\training\cap-103\cap-103_mod_2.jpg,16
database\training\cap-104\cap-104.jpg,17
database\training\cap-104\cap-104_mod_0.jpg,17
database\training\cap-104\cap-104_mod_1.jpg,17
database\training\cap-104\cap-104_mod_2.jpg,17
database\training\cap-105\cap-105.jpg,18
database\training\cap-105\cap-105_mod_0.jpg,18
database\training\cap-105\cap-105_mod_1.jpg,18
database\training\cap-105\cap-105_mod_2.jpg,18
database\training\cap-106\cap-106.jpg,19
database\training\cap-106\cap-106_mod_0.jpg,19
database\training\cap-106\cap-106_mod_1.jpg,19
database\training\cap-106\cap-106_mod_2.jpg,19
database\training\cap-107\cap-107.jpg,20
database\training\cap-107\cap-107_mod_0.jpg,20
database\training\cap-107\cap-107_mod_1.jpg,20
database\training\cap-107\cap-107_mod_2.jpg,20
database\training\cap-108\cap-108.jpg,21
database\training\cap-108\cap-108_mod_0.jpg,21
database\training\cap-108\cap-108_mod_1.jpg,21
database\training\cap-108\cap-108_mod_2.jpg,21
database\training\cap-109\cap-109.jpg,22
database\training\cap-109\cap-109_mod_0.jpg,22
database\training\cap-109\cap-109_mod_1.jpg,22
database\training\cap-109\cap-109_mod_2.jpg,22
database\training\cap-11\cap-11.jpg,23
database\training\cap-11\cap-11_mod_0.jpg,23
database\training\cap-11\cap-11_mod_1.jpg,23
database\training\cap-11\cap-11_mod_2.jpg,23
database\training\cap-110\cap-110.jpg,24
database\training\cap-110\cap-110_mod_0.jpg,24
database\training\cap-110\cap-110_mod_1.jpg,24
database\training\cap-110\cap-110_mod_2.jpg,24
database\training\cap-111\cap-111.jpg,25
database\training\cap-111\cap-111_mod_0.jpg,25
database\training\cap-111\cap-111_mod_1.jpg,25
database\training\cap-111\cap-111_mod_2.jpg,25
database\training\cap-112\cap-112.jpg,26
database\training\cap-112\cap-112_mod_0.jpg,26
database\training\cap-112\cap-112_mod_1.jpg,26
database\training\cap-112\cap-112_mod_2.jpg,26
database\training\cap-113\cap-113.jpg,27
database\training\cap-113\cap-113_mod_0.jpg,27
database\training\cap-113\cap-113_mod_1.jpg,27
database\training\cap-113\cap-113_mod_2.jpg,27
database\training\cap-114\cap-114.jpg,28
database\training\cap-114\cap-114_mod_0.jpg,28
database\training\cap-114\cap-114_mod_1.jpg,28
database\training\cap-114\cap-114_mod_2.jpg,28
database\training\cap-115\cap-115.jpg,29
database\training\cap-115\cap-115_mod_0.jpg,29
database\training\cap-115\cap-115_mod_1.jpg,29
database\training\cap-115\cap-115_mod_2.jpg,29
database\training\cap-116\cap-116.jpg,30
database\training\cap-116\cap-116_mod_0.jpg,30
database\training\cap-116\cap-116_mod_1.jpg,30
database\training\cap-116\cap-116_mod_2.jpg,30
database\training\cap-117\cap-117.jpg,31
database\training\cap-117\cap-117_mod_0.jpg,31
database\training\cap-117\cap-117_mod_1.jpg,31
database\training\cap-117\cap-117_mod_2.jpg,31
database\training\cap-118\cap-118.jpg,32
database\training\cap-118\cap-118_mod_0.jpg,32
database\training\cap-118\cap-118_mod_1.jpg,32
database\training\cap-118\cap-118_mod_2.jpg,32
database\training\cap-119\cap-119.jpg,33
database\training\cap-119\cap-119_mod_0.jpg,33
database\training\cap-119\cap-119_mod_1.jpg,33
database\training\cap-119\cap-119_mod_2.jpg,33
database\training\cap-12\cap-12.jpg,34
database\training\cap-12\cap-12_mod_0.jpg,34
database\training\cap-12\cap-12_mod_1.jpg,34
database\training\cap-12\cap-12_mod_2.jpg,34
database\training\cap-120\cap-120.jpg,35
database\training\cap-120\cap-120_mod_0.jpg,35
database\training\cap-120\cap-120_mod_1.jpg,35
database\training\cap-120\cap-120_mod_2.jpg,35
database\training\cap-121\cap-121.jpg,36
database\training\cap-121\cap-121_mod_0.jpg,36
database\training\cap-121\cap-121_mod_1.jpg,36
database\training\cap-121\cap-121_mod_2.jpg,36
database\training\cap-122\cap-122.jpg,37
database\training\cap-122\cap-122_mod_0.jpg,37
database\training\cap-122\cap-122_mod_1.jpg,37
database\training\cap-122\cap-122_mod_2.jpg,37
database\training\cap-123\cap-123.jpg,38
database\training\cap-123\cap-123_mod_0.jpg,38
database\training\cap-123\cap-123_mod_1.jpg,38
database\training\cap-123\cap-123_mod_2.jpg,38
database\training\cap-124\cap-124.jpg,39
database\training\cap-124\cap-124_mod_0.jpg,39
database\training\cap-124\cap-124_mod_1.jpg,39
database\training\cap-124\cap-124_mod_2.jpg,39
database\training\cap-125\cap-125.jpg,40
database\training\cap-125\cap-125_mod_0.jpg,40
database\training\cap-125\cap-125_mod_1.jpg,40
database\training\cap-125\cap-125_mod_2.jpg,40
database\training\cap-126\cap-126.jpg,41
database\training\cap-126\cap-126_mod_0.jpg,41
database\training\cap-126\cap-126_mod_1.jpg,41
database\training\cap-126\cap-126_mod_2.jpg,41
database\training\cap-127\cap-127.jpg,42
database\training\cap-127\cap-127_mod_0.jpg,42
database\training\cap-127\cap-127_mod_1.jpg,42
database\training\cap-127\cap-127_mod_2.jpg,42
database\training\cap-128\cap-128.jpg,43
database\training\cap-128\cap-128_mod_0.jpg,43
database\training\cap-128\cap-128_mod_1.jpg,43
database\training\cap-128\cap-128_mod_2.jpg,43
database\training\cap-129\cap-129.jpg,44
database\training\cap-129\cap-129_mod_0.jpg,44
database\training\cap-129\cap-129_mod_1.jpg,44
database\training\cap-129\cap-129_mod_2.jpg,44
database\training\cap-13\cap-13.jpg,45
database\training\cap-13\cap-13_mod_0.jpg,45
database\training\cap-13\cap-13_mod_1.jpg,45
database\training\cap-13\cap-13_mod_2.jpg,45
database\training\cap-130\cap-130.jpg,46
database\training\cap-130\cap-130_mod_0.jpg,46
database\training\cap-130\cap-130_mod_1.jpg,46
database\training\cap-130\cap-130_mod_2.jpg,46
database\training\cap-131\cap-131.jpg,47
database\training\cap-131\cap-131_mod_0.jpg,47
database\training\cap-131\cap-131_mod_1.jpg,47
database\training\cap-131\cap-131_mod_2.jpg,47
database\training\cap-132\cap-132.jpg,48
database\training\cap-132\cap-132_mod_0.jpg,48
database\training\cap-132\cap-132_mod_1.jpg,48
database\training\cap-132\cap-132_mod_2.jpg,48
database\training\cap-133\cap-133.jpg,49
database\training\cap-133\cap-133_mod_0.jpg,49
database\training\cap-133\cap-133_mod_1.jpg,49
database\training\cap-133\cap-133_mod_2.jpg,49
database\training\cap-134\cap-134.jpg,50
database\training\cap-134\cap-134_mod_0.jpg,50
database\training\cap-134\cap-134_mod_1.jpg,50
database\training\cap-134\cap-134_mod_2.jpg,50
database\training\cap-135\cap-135.jpg,51
database\training\cap-135\cap-135_mod_0.jpg,51
database\training\cap-135\cap-135_mod_1.jpg,51
database\training\cap-135\cap-135_mod_2.jpg,51
database\training\cap-136\cap-136.jpg,52
database\training\cap-136\cap-136_mod_0.jpg,52
database\training\cap-136\cap-136_mod_1.jpg,52
database\training\cap-136\cap-136_mod_2.jpg,52
database\training\cap-137\cap-137.jpg,53
database\training\cap-137\cap-137_mod_0.jpg,53
database\training\cap-137\cap-137_mod_1.jpg,53
database\training\cap-137\cap-137_mod_2.jpg,53
database\training\cap-138\cap-138.jpg,54
database\training\cap-138\cap-138_mod_0.jpg,54
database\training\cap-138\cap-138_mod_1.jpg,54
database\training\cap-138\cap-138_mod_2.jpg,54
database\training\cap-139\cap-139.jpg,55
database\training\cap-139\cap-139_mod_0.jpg,55
database\training\cap-139\cap-139_mod_1.jpg,55
database\training\cap-139\cap-139_mod_2.jpg,55
database\training\cap-14\cap-14.jpg,56
database\training\cap-14\cap-14_mod_0.jpg,56
database\training\cap-14\cap-14_mod_1.jpg,56
database\training\cap-14\cap-14_mod_2.jpg,56
database\training\cap-140\cap-140.jpg,57
database\training\cap-140\cap-140_mod_0.jpg,57
database\training\cap-140\cap-140_mod_1.jpg,57
database\training\cap-140\cap-140_mod_2.jpg,57
database\training\cap-141\cap-141.jpg,58
database\training\cap-141\cap-141_mod_0.jpg,58
database\training\cap-141\cap-141_mod_1.jpg,58
database\training\cap-141\cap-141_mod_2.jpg,58
database\training\cap-142\cap-142.jpg,59
database\training\cap-142\cap-142_mod_0.jpg,59
database\training\cap-142\cap-142_mod_1.jpg,59
database\training\cap-142\cap-142_mod_2.jpg,59
database\training\cap-143\cap-143.jpg,60
database\training\cap-143\cap-143_mod_0.jpg,60
database\training\cap-143\cap-143_mod_1.jpg,60
database\training\cap-143\cap-143_mod_2.jpg,60
database\training\cap-144\cap-144.jpg,61
database\training\cap-144\cap-144_mod_0.jpg,61
database\training\cap-144\cap-144_mod_1.jpg,61
database\training\cap-144\cap-144_mod_2.jpg,61
database\training\cap-145\cap-145.jpg,62
database\training\cap-145\cap-145_mod_0.jpg,62
database\training\cap-145\cap-145_mod_1.jpg,62
database\training\cap-145\cap-145_mod_2.jpg,62
database\training\cap-146\cap-146.jpg,63
database\training\cap-146\cap-146_mod_0.jpg,63
database\training\cap-146\cap-146_mod_1.jpg,63
database\training\cap-146\cap-146_mod_2.jpg,63
database\training\cap-147\cap-147.jpg,64
database\training\cap-147\cap-147_mod_0.jpg,64
database\training\cap-147\cap-147_mod_1.jpg,64
database\training\cap-147\cap-147_mod_2.jpg,64
database\training\cap-148\cap-148.jpg,65
database\training\cap-148\cap-148_mod_0.jpg,65
database\training\cap-148\cap-148_mod_1.jpg,65
database\training\cap-148\cap-148_mod_2.jpg,65
database\training\cap-149\cap-149.jpg,66
database\training\cap-149\cap-149_mod_0.jpg,66
database\training\cap-149\cap-149_mod_1.jpg,66
database\training\cap-149\cap-149_mod_2.jpg,66
database\training\cap-15\cap-15.jpg,67
database\training\cap-15\cap-15_mod_0.jpg,67
database\training\cap-15\cap-15_mod_1.jpg,67
database\training\cap-15\cap-15_mod_2.jpg,67
database\training\cap-150\cap-150.jpg,68
database\training\cap-150\cap-150_mod_0.jpg,68
database\training\cap-150\cap-150_mod_1.jpg,68
database\training\cap-150\cap-150_mod_2.jpg,68
database\training\cap-151\cap-151.jpg,69
database\training\cap-151\cap-151_mod_0.jpg,69
database\training\cap-151\cap-151_mod_1.jpg,69
database\training\cap-151\cap-151_mod_2.jpg,69
database\training\cap-152\cap-152.jpg,70
database\training\cap-152\cap-152_mod_0.jpg,70
database\training\cap-152\cap-152_mod_1.jpg,70
database\training\cap-152\cap-152_mod_2.jpg,70
database\training\cap-153\cap-153.jpg,71
database\training\cap-153\cap-153_mod_0.jpg,71
database\training\cap-153\cap-153_mod_1.jpg,71
database\training\cap-153\cap-153_mod_2.jpg,71
database\training\cap-154\cap-154.jpg,72
database\training\cap-154\cap-154_mod_0.jpg,72
database\training\cap-154\cap-154_mod_1.jpg,72
database\training\cap-154\cap-154_mod_2.jpg,72
database\training\cap-155\cap-155.jpg,73
database\training\cap-155\cap-155_mod_0.jpg,73
database\training\cap-155\cap-155_mod_1.jpg,73
database\training\cap-155\cap-155_mod_2.jpg,73
database\training\cap-156\cap-156.jpg,74
database\training\cap-156\cap-156_mod_0.jpg,74
database\training\cap-156\cap-156_mod_1.jpg,74
database\training\cap-156\cap-156_mod_2.jpg,74
database\training\cap-157\cap-157.jpg,75
database\training\cap-157\cap-157_mod_0.jpg,75
database\training\cap-157\cap-157_mod_1.jpg,75
database\training\cap-157\cap-157_mod_2.jpg,75
database\training\cap-158\cap-158.jpg,76
database\training\cap-158\cap-158_mod_0.jpg,76
database\training\cap-158\cap-158_mod_1.jpg,76
database\training\cap-158\cap-158_mod_2.jpg,76
database\training\cap-159\cap-159.jpg,77
database\training\cap-159\cap-159_mod_0.jpg,77
database\training\cap-159\cap-159_mod_1.jpg,77
database\training\cap-159\cap-159_mod_2.jpg,77
database\training\cap-16\cap-16.jpg,78
database\training\cap-16\cap-16_mod_0.jpg,78
database\training\cap-16\cap-16_mod_1.jpg,78
database\training\cap-16\cap-16_mod_2.jpg,78
database\training\cap-160\cap-160.jpg,79
database\training\cap-160\cap-160_mod_0.jpg,79
database\training\cap-160\cap-160_mod_1.jpg,79
database\training\cap-160\cap-160_mod_2.jpg,79
database\training\cap-161\cap-161.jpg,80
database\training\cap-161\cap-161_mod_0.jpg,80
database\training\cap-161\cap-161_mod_1.jpg,80
database\training\cap-161\cap-161_mod_2.jpg,80
database\training\cap-162\cap-162.jpg,81
database\training\cap-162\cap-162_mod_0.jpg,81
database\training\cap-162\cap-162_mod_1.jpg,81
database\training\cap-162\cap-162_mod_2.jpg,81
database\training\cap-163\cap-163.jpg,82
database\training\cap-163\cap-163_mod_0.jpg,82
database\training\cap-163\cap-163_mod_1.jpg,82
database\training\cap-163\cap-163_mod_2.jpg,82
database\training\cap-164\cap-164.jpg,83
database\training\cap-164\cap-164_mod_0.jpg,83
database\training\cap-164\cap-164_mod_1.jpg,83
database\training\cap-164\cap-164_mod_2.jpg,83
database\training\cap-165\cap-165.jpg,84
database\training\cap-165\cap-165_mod_0.jpg,84
database\training\cap-165\cap-165_mod_1.jpg,84
database\training\cap-165\cap-165_mod_2.jpg,84
database\training\cap-166\cap-166.jpg,85
database\training\cap-166\cap-166_mod_0.jpg,85
database\training\cap-166\cap-166_mod_1.jpg,85
database\training\cap-166\cap-166_mod_2.jpg,85
database\training\cap-167\cap-167.jpg,86
database\training\cap-167\cap-167_mod_0.jpg,86
database\training\cap-167\cap-167_mod_1.jpg,86
database\training\cap-167\cap-167_mod_2.jpg,86
database\training\cap-168\cap-168.jpg,87
database\training\cap-168\cap-168_mod_0.jpg,87
database\training\cap-168\cap-168_mod_1.jpg,87
database\training\cap-168\cap-168_mod_2.jpg,87
database\training\cap-169\cap-169.jpg,88
database\training\cap-169\cap-169_mod_0.jpg,88
database\training\cap-169\cap-169_mod_1.jpg,88
database\training\cap-169\cap-169_mod_2.jpg,88
database\training\cap-17\cap-17.jpg,89
database\training\cap-17\cap-17_mod_0.jpg,89
database\training\cap-17\cap-17_mod_1.jpg,89
database\training\cap-17\cap-17_mod_2.jpg,89
database\training\cap-170\cap-170.jpg,90
database\training\cap-170\cap-170_mod_0.jpg,90
database\training\cap-170\cap-170_mod_1.jpg,90
database\training\cap-170\cap-170_mod_2.jpg,90
database\training\cap-171\cap-171.jpg,91
database\training\cap-171\cap-171_mod_0.jpg,91
database\training\cap-171\cap-171_mod_1.jpg,91
database\training\cap-171\cap-171_mod_2.jpg,91
database\training\cap-172\cap-172.jpg,92
database\training\cap-172\cap-172_mod_0.jpg,92
database\training\cap-172\cap-172_mod_1.jpg,92
database\training\cap-172\cap-172_mod_2.jpg,92
database\training\cap-173\cap-173.jpg,93
database\training\cap-173\cap-173_mod_0.jpg,93
database\training\cap-173\cap-173_mod_1.jpg,93
database\training\cap-173\cap-173_mod_2.jpg,93
database\training\cap-174\cap-174.jpg,94
database\training\cap-174\cap-174_mod_0.jpg,94
database\training\cap-174\cap-174_mod_1.jpg,94
database\training\cap-174\cap-174_mod_2.jpg,94
database\training\cap-175\cap-175.jpg,95
database\training\cap-175\cap-175_mod_0.jpg,95
database\training\cap-175\cap-175_mod_1.jpg,95
database\training\cap-175\cap-175_mod_2.jpg,95
database\training\cap-176\cap-176.jpg,96
database\training\cap-176\cap-176_mod_0.jpg,96
database\training\cap-176\cap-176_mod_1.jpg,96
database\training\cap-176\cap-176_mod_2.jpg,96
database\training\cap-177\cap-177.jpg,97
database\training\cap-177\cap-177_mod_0.jpg,97
database\training\cap-177\cap-177_mod_1.jpg,97
database\training\cap-177\cap-177_mod_2.jpg,97
database\training\cap-178\cap-178.jpg,98
database\training\cap-178\cap-178_mod_0.jpg,98
database\training\cap-178\cap-178_mod_1.jpg,98
database\training\cap-178\cap-178_mod_2.jpg,98
database\training\cap-179\cap-179.jpg,99
database\training\cap-179\cap-179_mod_0.jpg,99
database\training\cap-179\cap-179_mod_1.jpg,99
database\training\cap-179\cap-179_mod_2.jpg,99
database\training\cap-18\cap-18.jpg,100
database\training\cap-18\cap-18_mod_0.jpg,100
database\training\cap-18\cap-18_mod_1.jpg,100
database\training\cap-18\cap-18_mod_2.jpg,100
database\training\cap-180\cap-180.jpg,101
database\training\cap-180\cap-180_mod_0.jpg,101
database\training\cap-180\cap-180_mod_1.jpg,101
database\training\cap-180\cap-180_mod_2.jpg,101
database\training\cap-181\cap-181.jpg,102
database\training\cap-181\cap-181_mod_0.jpg,102
database\training\cap-181\cap-181_mod_1.jpg,102
database\training\cap-181\cap-181_mod_2.jpg,102
database\training\cap-182\cap-182.jpg,103
database\training\cap-182\cap-182_mod_0.jpg,103
database\training\cap-182\cap-182_mod_1.jpg,103
database\training\cap-182\cap-182_mod_2.jpg,103
database\training\cap-183\cap-183.jpg,104
database\training\cap-183\cap-183_mod_0.jpg,104
database\training\cap-183\cap-183_mod_1.jpg,104
database\training\cap-183\cap-183_mod_2.jpg,104
database\training\cap-184\cap-184.jpg,105
database\training\cap-184\cap-184_mod_0.jpg,105
database\training\cap-184\cap-184_mod_1.jpg,105
database\training\cap-184\cap-184_mod_2.jpg,105
database\training\cap-185\cap-185.jpg,106
database\training\cap-185\cap-185_mod_0.jpg,106
database\training\cap-185\cap-185_mod_1.jpg,106
database\training\cap-185\cap-185_mod_2.jpg,106
database\training\cap-186\cap-186.jpg,107
database\training\cap-186\cap-186_mod_0.jpg,107
database\training\cap-186\cap-186_mod_1.jpg,107
database\training\cap-186\cap-186_mod_2.jpg,107
database\training\cap-187\cap-187.jpg,108
database\training\cap-187\cap-187_mod_0.jpg,108
database\training\cap-187\cap-187_mod_1.jpg,108
database\training\cap-187\cap-187_mod_2.jpg,108
database\training\cap-188\cap-188.jpg,109
database\training\cap-188\cap-188_mod_0.jpg,109
database\training\cap-188\cap-188_mod_1.jpg,109
database\training\cap-188\cap-188_mod_2.jpg,109
database\training\cap-189\cap-189.jpg,110
database\training\cap-189\cap-189_mod_0.jpg,110
database\training\cap-189\cap-189_mod_1.jpg,110
database\training\cap-189\cap-189_mod_2.jpg,110
database\training\cap-19\cap-19.jpg,111
database\training\cap-19\cap-19_mod_0.jpg,111
database\training\cap-19\cap-19_mod_1.jpg,111
database\training\cap-19\cap-19_mod_2.jpg,111
database\training\cap-190\cap-190.jpg,112
database\training\cap-190\cap-190_mod_0.jpg,112
database\training\cap-190\cap-190_mod_1.jpg,112
database\training\cap-190\cap-190_mod_2.jpg,112
database\training\cap-191\cap-191.jpg,113
database\training\cap-191\cap-191_mod_0.jpg,113
database\training\cap-191\cap-191_mod_1.jpg,113
database\training\cap-191\cap-191_mod_2.jpg,113
database\training\cap-192\cap-192.jpg,114
database\training\cap-192\cap-192_mod_0.jpg,114
database\training\cap-192\cap-192_mod_1.jpg,114
database\training\cap-192\cap-192_mod_2.jpg,114
database\training\cap-193\cap-193.jpg,115
database\training\cap-193\cap-193_mod_0.jpg,115
database\training\cap-193\cap-193_mod_1.jpg,115
database\training\cap-193\cap-193_mod_2.jpg,115
database\training\cap-194\cap-194.jpg,116
database\training\cap-194\cap-194_mod_0.jpg,116
database\training\cap-194\cap-194_mod_1.jpg,116
database\training\cap-194\cap-194_mod_2.jpg,116
database\training\cap-195\cap-195.jpg,117
database\training\cap-195\cap-195_mod_0.jpg,117
database\training\cap-195\cap-195_mod_1.jpg,117
database\training\cap-195\cap-195_mod_2.jpg,117
database\training\cap-196\cap-196.jpg,118
database\training\cap-196\cap-196_mod_0.jpg,118
database\training\cap-196\cap-196_mod_1.jpg,118
database\training\cap-196\cap-196_mod_2.jpg,118
database\training\cap-197\cap-197.jpg,119
database\training\cap-197\cap-197_mod_0.jpg,119
database\training\cap-197\cap-197_mod_1.jpg,119
database\training\cap-197\cap-197_mod_2.jpg,119
database\training\cap-198\cap-198.jpg,120
database\training\cap-198\cap-198_mod_0.jpg,120
database\training\cap-198\cap-198_mod_1.jpg,120
database\training\cap-198\cap-198_mod_2.jpg,120
database\training\cap-199\cap-199.jpg,121
database\training\cap-199\cap-199_mod_0.jpg,121
database\training\cap-199\cap-199_mod_1.jpg,121
database\training\cap-199\cap-199_mod_2.jpg,121
database\training\cap-2\cap-2.jpg,122
database\training\cap-2\cap-2_mod_0.jpg,122
database\training\cap-2\cap-2_mod_1.jpg,122
database\training\cap-2\cap-2_mod_2.jpg,122
database\training\cap-20\cap-20.jpg,123
database\training\cap-20\cap-20_mod_0.jpg,123
database\training\cap-20\cap-20_mod_1.jpg,123
database\training\cap-20\cap-20_mod_2.jpg,123
database\training\cap-200\cap-200.jpg,124
database\training\cap-200\cap-200_mod_0.jpg,124
database\training\cap-200\cap-200_mod_1.jpg,124
database\training\cap-200\cap-200_mod_2.jpg,124
database\training\cap-201\cap-201.jpg,125
database\training\cap-201\cap-201_mod_0.jpg,125
database\training\cap-201\cap-201_mod_1.jpg,125
database\training\cap-201\cap-201_mod_2.jpg,125
database\training\cap-202\cap-202.jpg,126
database\training\cap-202\cap-202_mod_0.jpg,126
database\training\cap-202\cap-202_mod_1.jpg,126
database\training\cap-202\cap-202_mod_2.jpg,126
database\training\cap-203\cap-203.jpg,127
database\training\cap-203\cap-203_mod_0.jpg,127
database\training\cap-203\cap-203_mod_1.jpg,127
database\training\cap-203\cap-203_mod_2.jpg,127
database\training\cap-204\cap-204.jpg,128
database\training\cap-204\cap-204_mod_0.jpg,128
database\training\cap-204\cap-204_mod_1.jpg,128
database\training\cap-204\cap-204_mod_2.jpg,128
database\training\cap-205\cap-205.jpg,129
database\training\cap-205\cap-205_mod_0.jpg,129
database\training\cap-205\cap-205_mod_1.jpg,129
database\training\cap-205\cap-205_mod_2.jpg,129
database\training\cap-206\cap-206.jpg,130
database\training\cap-206\cap-206_mod_0.jpg,130
database\training\cap-206\cap-206_mod_1.jpg,130
database\training\cap-206\cap-206_mod_2.jpg,130
database\training\cap-207\cap-207.jpg,131
database\training\cap-207\cap-207_mod_0.jpg,131
database\training\cap-207\cap-207_mod_1.jpg,131
database\training\cap-207\cap-207_mod_2.jpg,131
database\training\cap-208\cap-208.jpg,132
database\training\cap-208\cap-208_mod_0.jpg,132
database\training\cap-208\cap-208_mod_1.jpg,132
database\training\cap-208\cap-208_mod_2.jpg,132
database\training\cap-209\cap-209.jpg,133
database\training\cap-209\cap-209_mod_0.jpg,133
database\training\cap-209\cap-209_mod_1.jpg,133
database\training\cap-209\cap-209_mod_2.jpg,133
database\training\cap-21\cap-21.jpg,134
database\training\cap-21\cap-21_mod_0.jpg,134
database\training\cap-21\cap-21_mod_1.jpg,134
database\training\cap-21\cap-21_mod_2.jpg,134
database\training\cap-210\cap-210.jpg,135
database\training\cap-210\cap-210_mod_0.jpg,135
database\training\cap-210\cap-210_mod_1.jpg,135
database\training\cap-210\cap-210_mod_2.jpg,135
database\training\cap-211\cap-211.jpg,136
database\training\cap-211\cap-211_mod_0.jpg,136
database\training\cap-211\cap-211_mod_1.jpg,136
database\training\cap-211\cap-211_mod_2.jpg,136
database\training\cap-212\cap-212.jpg,137
database\training\cap-212\cap-212_mod_0.jpg,137
database\training\cap-212\cap-212_mod_1.jpg,137
database\training\cap-212\cap-212_mod_2.jpg,137
database\training\cap-213\cap-213.jpg,138
database\training\cap-213\cap-213_mod_0.jpg,138
database\training\cap-213\cap-213_mod_1.jpg,138
database\training\cap-213\cap-213_mod_2.jpg,138
database\training\cap-214\cap-214.jpg,139
database\training\cap-214\cap-214_mod_0.jpg,139
database\training\cap-214\cap-214_mod_1.jpg,139
database\training\cap-214\cap-214_mod_2.jpg,139
database\training\cap-215\cap-215.jpg,140
database\training\cap-215\cap-215_mod_0.jpg,140
database\training\cap-215\cap-215_mod_1.jpg,140
database\training\cap-215\cap-215_mod_2.jpg,140
database\training\cap-216\cap-216.jpg,141
database\training\cap-216\cap-216_mod_0.jpg,141
database\training\cap-216\cap-216_mod_1.jpg,141
database\training\cap-216\cap-216_mod_2.jpg,141
database\training\cap-217\cap-217.jpg,142
database\training\cap-217\cap-217_mod_0.jpg,142
database\training\cap-217\cap-217_mod_1.jpg,142
database\training\cap-217\cap-217_mod_2.jpg,142
database\training\cap-218\cap-218.jpg,143
database\training\cap-218\cap-218_mod_0.jpg,143
database\training\cap-218\cap-218_mod_1.jpg,143
database\training\cap-218\cap-218_mod_2.jpg,143
database\training\cap-219\cap-219.jpg,144
database\training\cap-219\cap-219_mod_0.jpg,144
database\training\cap-219\cap-219_mod_1.jpg,144
database\training\cap-219\cap-219_mod_2.jpg,144
database\training\cap-22\cap-22.jpg,145
database\training\cap-22\cap-22_mod_0.jpg,145
database\training\cap-22\cap-22_mod_1.jpg,145
database\training\cap-22\cap-22_mod_2.jpg,145
database\training\cap-220\cap-220.jpg,146
database\training\cap-220\cap-220_mod_0.jpg,146
database\training\cap-220\cap-220_mod_1.jpg,146
database\training\cap-220\cap-220_mod_2.jpg,146
database\training\cap-221\cap-221.jpg,147
database\training\cap-221\cap-221_mod_0.jpg,147
database\training\cap-221\cap-221_mod_1.jpg,147
database\training\cap-221\cap-221_mod_2.jpg,147
database\training\cap-222\cap-222.jpg,148
database\training\cap-222\cap-222_mod_0.jpg,148
database\training\cap-222\cap-222_mod_1.jpg,148
database\training\cap-222\cap-222_mod_2.jpg,148
database\training\cap-223\cap-223.jpg,149
database\training\cap-223\cap-223_mod_0.jpg,149
database\training\cap-223\cap-223_mod_1.jpg,149
database\training\cap-223\cap-223_mod_2.jpg,149
database\training\cap-224\cap-224.jpg,150
database\training\cap-224\cap-224_mod_0.jpg,150
database\training\cap-224\cap-224_mod_1.jpg,150
database\training\cap-224\cap-224_mod_2.jpg,150
database\training\cap-225\cap-225.jpg,151
database\training\cap-225\cap-225_mod_0.jpg,151
database\training\cap-225\cap-225_mod_1.jpg,151
database\training\cap-225\cap-225_mod_2.jpg,151
database\training\cap-226\cap-226.jpg,152
database\training\cap-226\cap-226_mod_0.jpg,152
database\training\cap-226\cap-226_mod_1.jpg,152
database\training\cap-226\cap-226_mod_2.jpg,152
database\training\cap-227\cap-227.jpg,153
database\training\cap-227\cap-227_mod_0.jpg,153
database\training\cap-227\cap-227_mod_1.jpg,153
database\training\cap-227\cap-227_mod_2.jpg,153
database\training\cap-228\cap-228.jpg,154
database\training\cap-228\cap-228_mod_0.jpg,154
database\training\cap-228\cap-228_mod_1.jpg,154
database\training\cap-228\cap-228_mod_2.jpg,154
database\training\cap-229\cap-229.jpg,155
database\training\cap-229\cap-229_mod_0.jpg,155
database\training\cap-229\cap-229_mod_1.jpg,155
database\training\cap-229\cap-229_mod_2.jpg,155
database\training\cap-23\cap-23.jpg,156
database\training\cap-23\cap-23_mod_0.jpg,156
database\training\cap-23\cap-23_mod_1.jpg,156
database\training\cap-23\cap-23_mod_2.jpg,156
database\training\cap-230\cap-230.jpg,157
database\training\cap-230\cap-230_mod_0.jpg,157
database\training\cap-230\cap-230_mod_1.jpg,157
database\training\cap-230\cap-230_mod_2.jpg,157
database\training\cap-231\cap-231.jpg,158
database\training\cap-231\cap-231_mod_0.jpg,158
database\training\cap-231\cap-231_mod_1.jpg,158
database\training\cap-231\cap-231_mod_2.jpg,158
database\training\cap-232\cap-232.jpg,159
database\training\cap-232\cap-232_mod_0.jpg,159
database\training\cap-232\cap-232_mod_1.jpg,159
database\training\cap-232\cap-232_mod_2.jpg,159
database\training\cap-233\cap-233.jpg,160
database\training\cap-233\cap-233_mod_0.jpg,160
database\training\cap-233\cap-233_mod_1.jpg,160
database\training\cap-233\cap-233_mod_2.jpg,160
database\training\cap-234\cap-234.jpg,161
database\training\cap-234\cap-234_mod_0.jpg,161
database\training\cap-234\cap-234_mod_1.jpg,161
database\training\cap-234\cap-234_mod_2.jpg,161
database\training\cap-235\cap-235.jpg,162
database\training\cap-235\cap-235_mod_0.jpg,162
database\training\cap-235\cap-235_mod_1.jpg,162
database\training\cap-235\cap-235_mod_2.jpg,162
database\training\cap-236\cap-236.jpg,163
database\training\cap-236\cap-236_mod_0.jpg,163
database\training\cap-236\cap-236_mod_1.jpg,163
database\training\cap-236\cap-236_mod_2.jpg,163
database\training\cap-237\cap-237.jpg,164
database\training\cap-237\cap-237_mod_0.jpg,164
database\training\cap-237\cap-237_mod_1.jpg,164
database\training\cap-237\cap-237_mod_2.jpg,164
database\training\cap-238\cap-238.jpg,165
database\training\cap-238\cap-238_mod_0.jpg,165
database\training\cap-238\cap-238_mod_1.jpg,165
database\training\cap-238\cap-238_mod_2.jpg,165
database\training\cap-239\cap-239.jpg,166
database\training\cap-239\cap-239_mod_0.jpg,166
database\training\cap-239\cap-239_mod_1.jpg,166
database\training\cap-239\cap-239_mod_2.jpg,166
database\training\cap-24\cap-24.jpg,167
database\training\cap-24\cap-24_mod_0.jpg,167
database\training\cap-24\cap-24_mod_1.jpg,167
database\training\cap-24\cap-24_mod_2.jpg,167
database\training\cap-240\cap-240.jpg,168
database\training\cap-240\cap-240_mod_0.jpg,168
database\training\cap-240\cap-240_mod_1.jpg,168
database\training\cap-240\cap-240_mod_2.jpg,168
database\training\cap-241\cap-241.jpg,169
database\training\cap-241\cap-241_mod_0.jpg,169
database\training\cap-241\cap-241_mod_1.jpg,169
database\training\cap-241\cap-241_mod_2.jpg,169
database\training\cap-242\cap-242.jpg,170
database\training\cap-242\cap-242_mod_0.jpg,170
database\training\cap-242\cap-242_mod_1.jpg,170
database\training\cap-242\cap-242_mod_2.jpg,170
database\training\cap-243\cap-243.jpg,171
database\training\cap-243\cap-243_mod_0.jpg,171
database\training\cap-243\cap-243_mod_1.jpg,171
database\training\cap-243\cap-243_mod_2.jpg,171
database\training\cap-244\cap-244.jpg,172
database\training\cap-244\cap-244_mod_0.jpg,172
database\training\cap-244\cap-244_mod_1.jpg,172
database\training\cap-244\cap-244_mod_2.jpg,172
database\training\cap-245\cap-245.jpg,173
database\training\cap-245\cap-245_mod_0.jpg,173
database\training\cap-245\cap-245_mod_1.jpg,173
database\training\cap-245\cap-245_mod_2.jpg,173
database\training\cap-246\cap-246.jpg,174
database\training\cap-246\cap-246_mod_0.jpg,174
database\training\cap-246\cap-246_mod_1.jpg,174
database\training\cap-246\cap-246_mod_2.jpg,174
database\training\cap-247\cap-247.jpg,175
database\training\cap-247\cap-247_mod_0.jpg,175
database\training\cap-247\cap-247_mod_1.jpg,175
database\training\cap-247\cap-247_mod_2.jpg,175
database\training\cap-248\cap-248.jpg,176
database\training\cap-248\cap-248_mod_0.jpg,176
database\training\cap-248\cap-248_mod_1.jpg,176
database\training\cap-248\cap-248_mod_2.jpg,176
database\training\cap-249\cap-249.jpg,177
database\training\cap-249\cap-249_mod_0.jpg,177
database\training\cap-249\cap-249_mod_1.jpg,177
database\training\cap-249\cap-249_mod_2.jpg,177
database\training\cap-25\cap-25.jpg,178
database\training\cap-25\cap-25_mod_0.jpg,178
database\training\cap-25\cap-25_mod_1.jpg,178
database\training\cap-25\cap-25_mod_2.jpg,178
database\training\cap-250\cap-250.jpg,179
database\training\cap-250\cap-250_mod_0.jpg,179
database\training\cap-250\cap-250_mod_1.jpg,179
database\training\cap-250\cap-250_mod_2.jpg,179
database\training\cap-26\cap-26.jpg,180
database\training\cap-26\cap-26_mod_0.jpg,180
database\training\cap-26\cap-26_mod_1.jpg,180
database\training\cap-26\cap-26_mod_2.jpg,180
database\training\cap-27\cap-27.jpg,181
database\training\cap-27\cap-27_mod_0.jpg,181
database\training\cap-27\cap-27_mod_1.jpg,181
database\training\cap-27\cap-27_mod_2.jpg,181
database\training\cap-28\cap-28.jpg,182
database\training\cap-28\cap-28_mod_0.jpg,182
database\training\cap-28\cap-28_mod_1.jpg,182
database\training\cap-28\cap-28_mod_2.jpg,182
database\training\cap-29\cap-29.jpg,183
database\training\cap-29\cap-29_mod_0.jpg,183
database\training\cap-29\cap-29_mod_1.jpg,183
database\training\cap-29\cap-29_mod_2.jpg,183
database\training\cap-3\cap-3.jpg,184
database\training\cap-3\cap-3_mod_0.jpg,184
database\training\cap-3\cap-3_mod_1.jpg,184
database\training\cap-3\cap-3_mod_2.jpg,184
database\training\cap-30\cap-30.jpg,185
database\training\cap-30\cap-30_mod_0.jpg,185
database\training\cap-30\cap-30_mod_1.jpg,185
database\training\cap-30\cap-30_mod_2.jpg,185
database\training\cap-31\cap-31.jpg,186
database\training\cap-31\cap-31_mod_0.jpg,186
database\training\cap-31\cap-31_mod_1.jpg,186
database\training\cap-31\cap-31_mod_2.jpg,186
database\training\cap-32\cap-32.jpg,187
database\training\cap-32\cap-32_mod_0.jpg,187
database\training\cap-32\cap-32_mod_1.jpg,187
database\training\cap-32\cap-32_mod_2.jpg,187
database\training\cap-33\cap-33.jpg,188
database\training\cap-33\cap-33_mod_0.jpg,188
database\training\cap-33\cap-33_mod_1.jpg,188
database\training\cap-33\cap-33_mod_2.jpg,188
database\training\cap-34\cap-34.jpg,189
database\training\cap-34\cap-34_mod_0.jpg,189
database\training\cap-34\cap-34_mod_1.jpg,189
database\training\cap-34\cap-34_mod_2.jpg,189
database\training\cap-35\cap-35.jpg,190
database\training\cap-35\cap-35_mod_0.jpg,190
database\training\cap-35\cap-35_mod_1.jpg,190
database\training\cap-35\cap-35_mod_2.jpg,190
database\training\cap-36\cap-36.jpg,191
database\training\cap-36\cap-36_mod_0.jpg,191
database\training\cap-36\cap-36_mod_1.jpg,191
database\training\cap-36\cap-36_mod_2.jpg,191
database\training\cap-37\cap-37.jpg,192
database\training\cap-37\cap-37_mod_0.jpg,192
database\training\cap-37\cap-37_mod_1.jpg,192
database\training\cap-37\cap-37_mod_2.jpg,192
database\training\cap-38\cap-38.jpg,193
database\training\cap-38\cap-38_mod_0.jpg,193
database\training\cap-38\cap-38_mod_1.jpg,193
database\training\cap-38\cap-38_mod_2.jpg,193
database\training\cap-39\cap-39.jpg,194
database\training\cap-39\cap-39_mod_0.jpg,194
database\training\cap-39\cap-39_mod_1.jpg,194
database\training\cap-39\cap-39_mod_2.jpg,194
database\training\cap-4\cap-4.jpg,195
database\training\cap-4\cap-4_mod_0.jpg,195
database\training\cap-4\cap-4_mod_1.jpg,195
database\training\cap-4\cap-4_mod_2.jpg,195
database\training\cap-40\cap-40.jpg,196
database\training\cap-40\cap-40_mod_0.jpg,196
database\training\cap-40\cap-40_mod_1.jpg,196
database\training\cap-40\cap-40_mod_2.jpg,196
database\training\cap-41\cap-41.jpg,197
database\training\cap-41\cap-41_mod_0.jpg,197
database\training\cap-41\cap-41_mod_1.jpg,197
database\training\cap-41\cap-41_mod_2.jpg,197
database\training\cap-42\cap-42.jpg,198
database\training\cap-42\cap-42_mod_0.jpg,198
database\training\cap-42\cap-42_mod_1.jpg,198
database\training\cap-42\cap-42_mod_2.jpg,198
database\training\cap-43\cap-43.jpg,199
database\training\cap-43\cap-43_mod_0.jpg,199
database\training\cap-43\cap-43_mod_1.jpg,199
database\training\cap-43\cap-43_mod_2.jpg,199
database\training\cap-44\cap-44.jpg,200
database\training\cap-44\cap-44_mod_0.jpg,200
database\training\cap-44\cap-44_mod_1.jpg,200
database\training\cap-44\cap-44_mod_2.jpg,200
database\training\cap-45\cap-45.jpg,201
database\training\cap-45\cap-45_mod_0.jpg,201
database\training\cap-45\cap-45_mod_1.jpg,201
database\training\cap-45\cap-45_mod_2.jpg,201
database\training\cap-46\cap-46.jpg,202
database\training\cap-46\cap-46_mod_0.jpg,202
database\training\cap-46\cap-46_mod_1.jpg,202
database\training\cap-46\cap-46_mod_2.jpg,202
database\training\cap-47\cap-47.jpg,203
database\training\cap-47\cap-47_mod_0.jpg,203
database\training\cap-47\cap-47_mod_1.jpg,203
database\training\cap-47\cap-47_mod_2.jpg,203
database\training\cap-48\cap-48.jpg,204
database\training\cap-48\cap-48_mod_0.jpg,204
database\training\cap-48\cap-48_mod_1.jpg,204
database\training\cap-48\cap-48_mod_2.jpg,204
database\training\cap-49\cap-49.jpg,205
database\training\cap-49\cap-49_mod_0.jpg,205
database\training\cap-49\cap-49_mod_1.jpg,205
database\training\cap-49\cap-49_mod_2.jpg,205
database\training\cap-5\cap-5.jpg,206
database\training\cap-5\cap-5_mod_0.jpg,206
database\training\cap-5\cap-5_mod_1.jpg,206
database\training\cap-5\cap-5_mod_2.jpg,206
database\training\cap-50\cap-50.jpg,207
database\training\cap-50\cap-50_mod_0.jpg,207
database\training\cap-50\cap-50_mod_1.jpg,207
database\training\cap-50\cap-50_mod_2.jpg,207
database\training\cap-51\cap-51.jpg,208
database\training\cap-51\cap-51_mod_0.jpg,208
database\training\cap-51\cap-51_mod_1.jpg,208
database\training\cap-51\cap-51_mod_2.jpg,208
database\training\cap-52\cap-52.jpg,209
database\training\cap-52\cap-52_mod_0.jpg,209
database\training\cap-52\cap-52_mod_1.jpg,209
database\training\cap-52\cap-52_mod_2.jpg,209
database\training\cap-53\cap-53.jpg,210
database\training\cap-53\cap-53_mod_0.jpg,210
database\training\cap-53\cap-53_mod_1.jpg,210
database\training\cap-53\cap-53_mod_2.jpg,210
database\training\cap-54\cap-54.jpg,211
database\training\cap-54\cap-54_mod_0.jpg,211
database\training\cap-54\cap-54_mod_1.jpg,211
database\training\cap-54\cap-54_mod_2.jpg,211
database\training\cap-55\cap-55.jpg,212
database\training\cap-55\cap-55_mod_0.jpg,212
database\training\cap-55\cap-55_mod_1.jpg,212
database\training\cap-55\cap-55_mod_2.jpg,212
database\training\cap-56\cap-56.jpg,213
database\training\cap-56\cap-56_mod_0.jpg,213
database\training\cap-56\cap-56_mod_1.jpg,213
database\training\cap-56\cap-56_mod_2.jpg,213
database\training\cap-57\cap-57.jpg,214
database\training\cap-57\cap-57_mod_0.jpg,214
database\training\cap-57\cap-57_mod_1.jpg,214
database\training\cap-57\cap-57_mod_2.jpg,214
database\training\cap-58\cap-58.jpg,215
database\training\cap-58\cap-58_mod_0.jpg,215
database\training\cap-58\cap-58_mod_1.jpg,215
database\training\cap-58\cap-58_mod_2.jpg,215
database\training\cap-59\cap-59.jpg,216
database\training\cap-59\cap-59_mod_0.jpg,216
database\training\cap-59\cap-59_mod_1.jpg,216
database\training\cap-59\cap-59_mod_2.jpg,216
database\training\cap-6\cap-6.jpg,217
database\training\cap-6\cap-6_mod_0.jpg,217
database\training\cap-6\cap-6_mod_1.jpg,217
database\training\cap-6\cap-6_mod_2.jpg,217
database\training\cap-60\cap-60.jpg,218
database\training\cap-60\cap-60_mod_0.jpg,218
database\training\cap-60\cap-60_mod_1.jpg,218
database\training\cap-60\cap-60_mod_2.jpg,218
database\training\cap-61\cap-61.jpg,219
database\training\cap-61\cap-61_mod_0.jpg,219
database\training\cap-61\cap-61_mod_1.jpg,219
database\training\cap-61\cap-61_mod_2.jpg,219
database\training\cap-62\cap-62.jpg,220
database\training\cap-62\cap-62_mod_0.jpg,220
database\training\cap-62\cap-62_mod_1.jpg,220
database\training\cap-62\cap-62_mod_2.jpg,220
database\training\cap-63\cap-63.jpg,221
database\training\cap-63\cap-63_mod_0.jpg,221
database\training\cap-63\cap-63_mod_1.jpg,221
database\training\cap-63\cap-63_mod_2.jpg,221
database\training\cap-64\cap-64.jpg,222
database\training\cap-64\cap-64_mod_0.jpg,222
database\training\cap-64\cap-64_mod_1.jpg,222
database\training\cap-64\cap-64_mod_2.jpg,222
database\training\cap-65\cap-65.jpg,223
database\training\cap-65\cap-65_mod_0.jpg,223
database\training\cap-65\cap-65_mod_1.jpg,223
database\training\cap-65\cap-65_mod_2.jpg,223
database\training\cap-66\cap-66.jpg,224
database\training\cap-66\cap-66_mod_0.jpg,224
database\training\cap-66\cap-66_mod_1.jpg,224
database\training\cap-66\cap-66_mod_2.jpg,224
database\training\cap-67\cap-67.jpg,225
database\training\cap-67\cap-67_mod_0.jpg,225
database\training\cap-67\cap-67_mod_1.jpg,225
database\training\cap-67\cap-67_mod_2.jpg,225
database\training\cap-68\cap-68.jpg,226
database\training\cap-68\cap-68_mod_0.jpg,226
database\training\cap-68\cap-68_mod_1.jpg,226
database\training\cap-68\cap-68_mod_2.jpg,226
database\training\cap-69\cap-69.jpg,227
database\training\cap-69\cap-69_mod_0.jpg,227
database\training\cap-69\cap-69_mod_1.jpg,227
database\training\cap-69\cap-69_mod_2.jpg,227
database\training\cap-7\cap-7.jpg,228
database\training\cap-7\cap-7_mod_0.jpg,228
database\training\cap-7\cap-7_mod_1.jpg,228
database\training\cap-7\cap-7_mod_2.jpg,228
database\training\cap-70\cap-70.jpg,229
database\training\cap-70\cap-70_mod_0.jpg,229
database\training\cap-70\cap-70_mod_1.jpg,229
database\training\cap-70\cap-70_mod_2.jpg,229
database\training\cap-71\cap-71.jpg,230
database\training\cap-71\cap-71_mod_0.jpg,230
database\training\cap-71\cap-71_mod_1.jpg,230
database\training\cap-71\cap-71_mod_2.jpg,230
database\training\cap-72\cap-72.jpg,231
database\training\cap-72\cap-72_mod_0.jpg,231
database\training\cap-72\cap-72_mod_1.jpg,231
database\training\cap-72\cap-72_mod_2.jpg,231
database\training\cap-73\cap-73.jpg,232
database\training\cap-73\cap-73_mod_0.jpg,232
database\training\cap-73\cap-73_mod_1.jpg,232
database\training\cap-73\cap-73_mod_2.jpg,232
database\training\cap-74\cap-74.jpg,233
database\training\cap-74\cap-74_mod_0.jpg,233
database\training\cap-74\cap-74_mod_1.jpg,233
database\training\cap-74\cap-74_mod_2.jpg,233
database\training\cap-75\cap-75.jpg,234
database\training\cap-75\cap-75_mod_0.jpg,234
database\training\cap-75\cap-75_mod_1.jpg,234
database\training\cap-75\cap-75_mod_2.jpg,234
database\training\cap-76\cap-76.jpg,235
database\training\cap-76\cap-76_mod_0.jpg,235
database\training\cap-76\cap-76_mod_1.jpg,235
database\training\cap-76\cap-76_mod_2.jpg,235
database\training\cap-77\cap-77.jpg,236
database\training\cap-77\cap-77_mod_0.jpg,236
database\training\cap-77\cap-77_mod_1.jpg,236
database\training\cap-77\cap-77_mod_2.jpg,236
database\training\cap-78\cap-78.jpg,237
database\training\cap-78\cap-78_mod_0.jpg,237
database\training\cap-78\cap-78_mod_1.jpg,237
database\training\cap-78\cap-78_mod_2.jpg,237
database\training\cap-79\cap-79.jpg,238
database\training\cap-79\cap-79_mod_0.jpg,238
database\training\cap-79\cap-79_mod_1.jpg,238
database\training\cap-79\cap-79_mod_2.jpg,238
database\training\cap-8\cap-8.jpg,239
database\training\cap-8\cap-8_mod_0.jpg,239
database\training\cap-8\cap-8_mod_1.jpg,239
database\training\cap-8\cap-8_mod_2.jpg,239
database\training\cap-80\cap-80.jpg,240
database\training\cap-80\cap-80_mod_0.jpg,240
database\training\cap-80\cap-80_mod_1.jpg,240
database\training\cap-80\cap-80_mod_2.jpg,240
database\training\cap-81\cap-81.jpg,241
database\training\cap-81\cap-81_mod_0.jpg,241
database\training\cap-81\cap-81_mod_1.jpg,241
database\training\cap-81\cap-81_mod_2.jpg,241
database\training\cap-82\cap-82.jpg,242
database\training\cap-82\cap-82_mod_0.jpg,242
database\training\cap-82\cap-82_mod_1.jpg,242
database\training\cap-82\cap-82_mod_2.jpg,242
database\training\cap-83\cap-83.jpg,243
database\training\cap-83\cap-83_mod_0.jpg,243
database\training\cap-83\cap-83_mod_1.jpg,243
database\training\cap-83\cap-83_mod_2.jpg,243
database\training\cap-84\cap-84.jpg,244
database\training\cap-84\cap-84_mod_0.jpg,244
database\training\cap-84\cap-84_mod_1.jpg,244
database\training\cap-84\cap-84_mod_2.jpg,244
database\training\cap-85\cap-85.jpg,245
database\training\cap-85\cap-85_mod_0.jpg,245
database\training\cap-85\cap-85_mod_1.jpg,245
database\training\cap-85\cap-85_mod_2.jpg,245
database\training\cap-86\cap-86.jpg,246
database\training\cap-86\cap-86_mod_0.jpg,246
database\training\cap-86\cap-86_mod_1.jpg,246
database\training\cap-86\cap-86_mod_2.jpg,246
database\training\cap-87\cap-87.jpg,247
database\training\cap-87\cap-87_mod_0.jpg,247
database\training\cap-87\cap-87_mod_1.jpg,247
database\training\cap-87\cap-87_mod_2.jpg,247
database\training\cap-88\cap-88.jpg,248
database\training\cap-88\cap-88_mod_0.jpg,248
database\training\cap-88\cap-88_mod_1.jpg,248
database\training\cap-88\cap-88_mod_2.jpg,248
database\training\cap-89\cap-89.jpg,249
database\training\cap-89\cap-89_mod_0.jpg,249
database\training\cap-89\cap-89_mod_1.jpg,249
database\training\cap-89\cap-89_mod_2.jpg,249
database\training\cap-9\cap-9.jpg,250
database\training\cap-9\cap-9_mod_0.jpg,250
database\training\cap-9\cap-9_mod_1.jpg,250
database\training\cap-9\cap-9_mod_2.jpg,250
database\training\cap-90\cap-90.jpg,251
database\training\cap-90\cap-90_mod_0.jpg,251
database\training\cap-90\cap-90_mod_1.jpg,251
database\training\cap-90\cap-90_mod_2.jpg,251
database\training\cap-91\cap-91.jpg,252
database\training\cap-91\cap-91_mod_0.jpg,252
database\training\cap-91\cap-91_mod_1.jpg,252
database\training\cap-91\cap-91_mod_2.jpg,252
database\training\cap-92\cap-92.jpg,253
database\training\cap-92\cap-92_mod_0.jpg,253
database\training\cap-92\cap-92_mod_1.jpg,253
database\training\cap-92\cap-92_mod_2.jpg,253
database\training\cap-93\cap-93.jpg,254
database\training\cap-93\cap-93_mod_0.jpg,254
database\training\cap-93\cap-93_mod_1.jpg,254
database\training\cap-93\cap-93_mod_2.jpg,254
database\training\cap-94\cap-94.jpg,255
database\training\cap-94\cap-94_mod_0.jpg,255
database\training\cap-94\cap-94_mod_1.jpg,255
database\training\cap-94\cap-94_mod_2.jpg,255
database\training\cap-95\cap-95.jpg,256
database\training\cap-95\cap-95_mod_0.jpg,256
database\training\cap-95\cap-95_mod_1.jpg,256
database\training\cap-95\cap-95_mod_2.jpg,256
database\training\cap-96\cap-96.jpg,257
database\training\cap-96\cap-96_mod_0.jpg,257
database\training\cap-96\cap-96_mod_1.jpg,257
database\training\cap-96\cap-96_mod_2.jpg,257
database\training\cap-97\cap-97.jpg,258
database\training\cap-97\cap-97_mod_0.jpg,258
database\training\cap-97\cap-97_mod_1.jpg,258
database\training\cap-97\cap-97_mod_2.jpg,258
database\training\cap-98\cap-98.jpg,259
database\training\cap-98\cap-98_mod_0.jpg,259
database\training\cap-98\cap-98_mod_1.jpg,259
database\training\cap-98\cap-98_mod_2.jpg,259
database\training\cap-99\cap-99.jpg,260
database\training\cap-99\cap-99_mod_0.jpg,260
database\training\cap-99\cap-99_mod_1.jpg,260
database\training\cap-99\cap-99_mod_2.jpg,260
